date,close,open,high,low,volume
22/04/2019,67.9,67.1,68.1,67,313210
19/04/2019,68,67.9,68.5,67.9,232550
18/04/2019,67.9,67.5,68.7,67.5,554820
17/04/2019,68,67.9,68.2,67,516710
16/04/2019,67.4,68,68,66.4,404640
12/04/2019,68,68.6,68.6,67.6,355400
11/04/2019,68.5,69,69,67.7,405090
10/04/2019,68.9,69.5,69.5,68.8,719030
09/04/2019,69.8,69.7,70,69.4,759180
08/04/2019,69.7,68.1,69.7,67.9,1121900
05/04/2019,68.1,67.8,68.2,67.8,477530
04/04/2019,67.7,67.2,67.9,66.8,948960
03/04/2019,67.2,67.5,67.6,66.5,445650
02/04/2019,67.5,68,68.5,67.5,556970
01/04/2019,67.8,67.9,67.9,67.6,684060
29/03/2019,67.3,67,67.5,66.8,678050
28/03/2019,66.7,65.7,66.7,65.4,742470
27/03/2019,65.5,65.9,65.9,64.7,538180
26/03/2019,65.5,66.1,66.5,65.5,1127550
25/03/2019,65.5,65,66,64,1635900
22/03/2019,66.9,66.8,67,66.5,1375420
21/03/2019,66.6,66.9,67.9,66.5,1525770
20/03/2019,66.7,66.7,67.2,66.2,2441040
19/03/2019,66.8,67.6,67.6,66.7,1390640
18/03/2019,67.6,66.5,67.8,66.5,1936700
15/03/2019,66,67.2,67.2,66,2616060
14/03/2019,67,65.2,67,64.5,2271650
13/03/2019,65.2,65,65.2,64.5,1680350
12/03/2019,64.8,63,64.8,62.7,2194380
11/03/2019,62.6,62.4,62.7,61.9,1020600
08/03/2019,62.8,62.4,63,62.1,997370
07/03/2019,63.1,62.7,63.8,62.6,1897450
06/03/2019,62.7,63.1,63.3,61.9,1081870
05/03/2019,63,62.8,63.8,62.5,1576750
04/03/2019,62.8,62.2,63,62.2,1347480
01/03/2019,62.2,61,62.2,60.8,713500
28/02/2019,60.5,61.9,62.5,60.5,2027080
27/02/2019,61.9,62.8,63,61.6,1148480
26/02/2019,63,63.4,63.5,61.9,1976570
25/02/2019,63.4,62.5,63.9,62.3,2079790
22/02/2019,62,60.2,62.4,60,2502840
21/02/2019,60.1,59.5,60.1,59.1,2044240
20/02/2019,59.1,59.3,59.6,58.9,818480
19/02/2019,59,60,60.2,59,1304520
18/02/2019,60,59.5,60,59.5,1027840
15/02/2019,59.3,60,60,59.2,1249180
14/02/2019,60.2,59.8,60.3,59.6,1629070
13/02/2019,59.8,58.6,59.9,58.6,1853680
12/02/2019,58.6,58.1,59,57.8,1683680
11/02/2019,58.1,57,58.2,56.8,1395030
01/02/2019,56.5,57,57.4,56.5,827040
31/01/2019,56.8,56.8,57.4,56.8,1147760
30/01/2019,56.7,56.7,57.2,56.7,1152720
29/01/2019,56.7,55.5,56.7,55.2,973050
28/01/2019,55.5,56,56,55.5,336990
25/01/2019,55.8,55.5,56.1,55.4,1008850
24/01/2019,55.4,55.4,55.6,55,463870
23/01/2019,55.4,54.9,55.5,54.9,514720
22/01/2019,55.2,56,56,55.2,398340
21/01/2019,55.8,54.6,56.2,54.5,870530
18/01/2019,54.8,55.2,55.4,54.8,542400
17/01/2019,55.2,55.3,55.7,55.1,460060
16/01/2019,55.4,56.3,56.3,55,706160
15/01/2019,55.9,55.3,56.1,55.2,1071080
14/01/2019,55.3,55.2,55.5,54.9,759980
11/01/2019,55.2,55.2,55.5,54.9,1115410
10/01/2019,55,55.8,55.8,55,794870
09/01/2019,55.8,55.5,56.1,54.8,1136370
08/01/2019,55,55,55.2,54.5,1318810
07/01/2019,54.6,55.3,55.5,54.5,1175810
04/01/2019,54.4,53.3,54.4,52.6,1307310
03/01/2019,53.6,54,54.1,52.7,1071350
02/01/2019,53.6,53.9,54.3,53.5,1081640
28/12/2018,53.5,53.8,54.5,53.3,781690
27/12/2018,53.5,54,54.3,53.5,571770
26/12/2018,52.8,52.6,53.5,52.6,782180
25/12/2018,52.7,52,53,51,1964060
24/12/2018,53.1,54.5,54.9,53.1,864160
21/12/2018,54.5,54.5,54.5,53.8,1690120
20/12/2018,54.6,54.3,55.2,54.3,877260
19/12/2018,54.4,55.1,55.4,54.1,1131780
18/12/2018,55.1,54.1,55.5,54.1,1459730
17/12/2018,54.8,56,56.4,54.8,1787440
14/12/2018,56.5,57.5,57.6,56.5,880580
13/12/2018,57.6,58.3,58.4,57.6,851900
12/12/2018,58,57.3,58,56.8,1466430
11/12/2018,56.8,56.9,57.2,56.2,1119050
10/12/2018,56.9,57.2,57.4,56.6,1050910
07/12/2018,57.2,57.4,57.7,57.1,835390
06/12/2018,56.9,57.4,58,56.7,2258320
05/12/2018,57.8,57,58.2,56.5,2014850
04/12/2018,57.6,57.8,58.3,57.1,1367410
03/12/2018,58,56.7,58,56.2,2226730
30/11/2018,55.4,54.9,56,54.8,1430640
29/11/2018,55,55.6,56.4,55,2360280
28/11/2018,55.1,53.4,55.1,53.4,1483680
27/11/2018,53.4,54.4,54.7,53.2,1284900
26/11/2018,54,54,54.3,53.7,673900
23/11/2018,54,54.7,55,54,897050
22/11/2018,54.8,55,55.5,54.7,961120
21/11/2018,55.4,53.1,55.4,53,1908000
20/11/2018,53.8,54,54,53.3,1086240
19/11/2018,54,54,54,53.2,1145500
16/11/2018,53.2,54,54.1,53.1,1227840
15/11/2018,53.4,53.2,53.6,52.5,828510
14/11/2018,53.2,53.6,54.3,52.8,530120
13/11/2018,53.6,53.3,54.3,53.3,601520
12/11/2018,54.6,54,54.6,52.8,687980
09/11/2018,54.3,55.2,55.7,54.3,885690
08/11/2018,55.7,56.7,56.8,55.7,575720
07/11/2018,55.5,55.8,56.2,55.1,668290
06/11/2018,55.8,57,57,55.8,667710
05/11/2018,56.5,55.9,56.5,55.6,873020
02/11/2018,56.2,55,56.3,55,1136910
01/11/2018,55,55.8,55.9,54.8,1221200
31/10/2018,55.6,54.2,56.7,54.2,1245750
30/10/2018,54.2,52.9,54.3,52.7,1337430
29/10/2018,52.9,53.3,53.9,52.5,1261730
26/10/2018,53.5,55.9,55.9,53.5,1220360
25/10/2018,54.8,53,55.2,53,1744120
24/10/2018,55.5,55.8,56.6,55.5,1474260
23/10/2018,55.8,57,57.3,54,2346810
22/10/2018,57.1,58.5,58.8,57.1,1204690
19/10/2018,57.7,57,58.6,57,1188910
18/10/2018,58,59,59.2,57.9,1605080
17/10/2018,59.2,59.9,59.9,59.1,1293490
16/10/2018,59.2,59,59.6,58.9,1079700
15/10/2018,59.1,59.8,60,58.7,1155630
12/10/2018,59.9,57,59.9,57,2266290
11/10/2018,57.7,60,60,57.5,3432840
10/10/2018,61.7,61.9,62,61.4,781330
09/10/2018,61.7,61.8,62.2,61.6,868060
08/10/2018,61.6,62,62.4,61.6,1347760
05/10/2018,62.1,62.5,63,62.1,1633520
04/10/2018,63,63,64,62.8,2298750
03/10/2018,63,63.4,63.5,62.5,1034920
02/10/2018,63,62.5,63.1,62.2,1601040
01/10/2018,62.5,63.5,63.5,62.5,1932610
28/09/2018,63,63.7,64,63,2104400
27/09/2018,63.4,63.8,64.2,63.2,2121040
26/09/2018,63.8,64.4,64.9,63.8,2099660
25/09/2018,64.4,64.8,65.2,64.4,1031520
24/09/2018,65.2,65.5,65.7,64.8,1094970
21/09/2018,64.6,65,65.7,64,4889170
20/09/2018,64.4,63.3,64.6,63.3,1709890
19/09/2018,63.3,63.7,63.7,63.1,1075000
18/09/2018,63.3,62.5,63.3,62.3,1077110
17/09/2018,62.9,64,64,62.9,1007490
14/09/2018,64,63.2,64.4,63.2,2405940
13/09/2018,62.9,62.8,63.4,62.6,1069800
12/09/2018,62.6,63.2,63.6,62.5,1590110
11/09/2018,63,61.5,63.1,61.5,1543540
10/09/2018,62,62,62.6,61.1,1505560
07/09/2018,62,60.1,62.2,60.1,1595530
06/09/2018,60.3,60.6,61,60.2,796450
05/09/2018,60.6,61,61.8,60.3,1766180
04/09/2018,61,62.5,62.6,60.9,2050280
31/08/2018,62.5,63.8,64,62,1949400
30/08/2018,63.8,63.1,64.2,62.4,1336350
29/08/2018,63.1,63.9,64.1,63.1,1117930
28/08/2018,64,63.5,64.3,62.9,2588320
27/08/2018,63.1,62.5,63.5,62.4,1805900
24/08/2018,62,62.6,62.6,61.8,1779380
23/08/2018,62.6,62,62.8,61.6,1301270
22/08/2018,61.9,62.8,63,61.9,1490660
21/08/2018,62.7,61,62.7,61,1724610
20/08/2018,61.4,62,62.5,61.4,1601770
17/08/2018,62,61.1,62.9,60.8,2711770
16/08/2018,60.6,60,61,58.9,3426320
15/08/2018,60.6,63.2,63.4,60.5,3238040
14/08/2018,62.8,63.8,63.8,62.7,1274800
13/08/2018,63.8,63,63.8,62.2,2397270
10/08/2018,63.5,61,63.5,61,3849630
09/08/2018,61.3,62.1,62.7,61.3,2508810
08/08/2018,62.1,61.6,62.4,61,2193510
07/08/2018,61.5,58.8,61.9,58.6,5488590
06/08/2018,59,58.2,59.6,58.2,1782410
03/08/2018,58.5,59.5,59.7,58.1,1770230
02/08/2018,59,58.2,59,57.7,1855340
01/08/2018,58.6,59.1,59.2,58.4,1902040
31/07/2018,58.5,57.1,59.3,56.8,3438180
30/07/2018,57.3,57,57.4,56.5,1288790
27/07/2018,56.5,56.7,57.3,56.2,979280
26/07/2018,56.7,55.4,56.7,54.5,2107890
25/07/2018,55.3,57.3,57.4,55.3,1257900
24/07/2018,57,57,57.4,56,1683260
23/07/2018,56.6,56.8,58.4,56.5,2618240
20/07/2018,56.8,56.5,57.2,55.1,2204900
19/07/2018,56.8,57.7,57.8,56.7,1704000
18/07/2018,57.5,55.8,57.5,55.8,2473610
17/07/2018,55.8,54,55.8,54,1594780
16/07/2018,54.9,55,55.5,54.3,1302130
13/07/2018,54.8,53.3,54.9,52,1709410
12/07/2018,52.4,51.2,53.6,50.5,1422890
11/07/2018,51.2,51.9,52.5,50.1,3312190
10/07/2018,53.1,55.5,55.5,53.1,1360490
09/07/2018,54,55,56.4,54,1434270
06/07/2018,55,51.1,55.4,50.5,3443450
05/07/2018,52,55.4,55.6,52,2865870
04/07/2018,55.6,56.2,56.5,54.7,2452480
03/07/2018,56,58.3,58.3,56,3355250
02/07/2018,58.1,57.5,58.4,55.4,2846420
29/06/2018,58,57.9,58.7,56.8,1439520
28/06/2018,57.9,57,58.7,57,2114670
27/06/2018,58,59,60.5,58,2602270
26/06/2018,59.3,58.5,59.4,58,1346430
25/06/2018,59.4,60,60.2,58.9,2415610
22/06/2018,58.7,56.1,58.7,55.5,2529630
21/06/2018,57,58,58.2,56.4,1637920
20/06/2018,58.1,57,58.7,56.2,2767440
19/06/2018,56.5,54.5,56.5,54,5149160
18/06/2018,56.5,58.9,59,56,2461860
15/06/2018,59,57.5,59,57.4,2557670
14/06/2018,58.1,59.9,59.9,58,2814340
13/06/2018,59.9,57.6,59.9,57.6,2054850
12/06/2018,58,58.5,59,56.5,3024500
11/06/2018,59,59.4,60.3,58.5,2453150
08/06/2018,59.7,58.3,60.4,58.3,2693680
07/06/2018,58.7,59,59.3,58.4,2538580
06/06/2018,59.1,58.1,59.7,57.6,2183260
05/06/2018,58.6,58.6,59.6,57.7,3532580
04/06/2018,59.3,56.5,59.6,56,3837380
01/06/2018,57,54.1,57.5,53.9,5930650
31/05/2018,54.1,51.5,54.5,51.4,3736400
30/05/2018,52,51,52.8,50.5,4432950
29/05/2018,50,47.5,50,46.8,2610350
28/05/2018,46.8,49,49.6,46.8,4579370
25/05/2018,50,53.4,53.7,50,2718610
24/05/2018,53.3,54.5,54.8,53,1312180
23/05/2018,54.5,53,54.5,52,2045320
22/05/2018,53.4,54.9,55.5,52,3235250
21/05/2018,55.7,56.5,57.4,55.7,1835620
18/05/2018,56.5,56.9,57.1,54.8,2437850
17/05/2018,56.8,57,57.4,56.2,2079780
16/05/2018,57,58.5,58.9,57,2368960
15/05/2018,58.7,58.3,59.8,58.2,2498910
14/05/2018,58.3,58.2,58.5,56.9,1522180
11/05/2018,57.9,56.5,58,54.5,3954360
10/05/2018,56.5,59.9,60.2,55.6,4433980
09/05/2018,59.5,60.7,61,59.5,2787480
08/05/2018,61,61.3,62.2,61,2947160
07/05/2018,62.1,59.8,62.1,59.3,3511210
04/05/2018,59,60.2,60.7,58.9,3234250
03/05/2018,59.6,58.2,59.7,56.9,3451890
02/05/2018,58.2,60.6,61,57.8,2862030
27/04/2018,60,58.2,60.2,58.1,2940100
26/04/2018,58.2,60,61.3,58,4669710
24/04/2018,60,59,60.7,58,4451970
23/04/2018,59.6,64.5,64.8,59.6,2876760
20/04/2018,64,61.2,64,60.7,2996320
19/04/2018,61,64.4,64.5,61,4909820
18/04/2018,64.8,67.8,67.8,64.8,2005410
17/04/2018,67,66,67,65.5,2104840
16/04/2018,65.9,67.2,67.6,65.1,3992890
13/04/2018,67.9,71.3,71.4,67.5,5148440
12/04/2018,70.9,70.9,71.5,70,3262970
11/04/2018,71.2,74.7,74.8,70,3911130
10/04/2018,74.5,74.5,75.3,73.6,5026810
09/04/2018,73.8,73.5,74.3,73.5,2693260
06/04/2018,73.5,73.6,74.8,73.4,2346040
05/04/2018,73.5,73.8,74,72.6,1763710
04/04/2018,73.5,74.5,74.8,73.5,2089100
03/04/2018,74.3,74,75.3,73.5,3500060
02/04/2018,74,71,74,70.8,3055600
30/03/2018,70.5,71,71.4,70.2,1280140
29/03/2018,71,70.8,71.6,70.1,1457380
28/03/2018,70.5,69.9,71.3,69.8,1643300
27/03/2018,71,72.8,72.9,70.6,2322350
26/03/2018,71.9,70,71.9,69.6,1821910
23/03/2018,69.9,68.5,70.7,68.5,4563730
22/03/2018,72,74,74,72,3871380
21/03/2018,73.5,74.5,75.2,73.5,2952180
20/03/2018,74,73.3,74.9,73.3,1836040
19/03/2018,74.3,75.6,76.5,73,2803610
16/03/2018,74.7,74.5,75.3,74.1,5327050
15/03/2018,73.8,73,74.5,72.8,2111990
14/03/2018,73.8,72.6,74.3,72.6,4053460
13/03/2018,72,72,72.6,70.6,2146470
12/03/2018,72,72,73.4,71.5,2899140
09/03/2018,71,70.5,71.5,69.6,3236520
08/03/2018,69.5,69.6,70.4,68.8,1554260
07/03/2018,69.6,71.5,71.9,68.5,2277620
06/03/2018,71.2,69,71.5,67.7,3103920
05/03/2018,68,72,72.5,68,2914810
02/03/2018,71.8,70,72,70,2525210
01/03/2018,71.5,72.6,74.6,71,3615670
28/02/2018,73.8,72.1,75,72,3475320
27/02/2018,73.2,72.9,73.5,71.7,2249770
26/02/2018,71.9,74.3,74.3,71.4,3453290
23/02/2018,71.4,67,71.4,66.7,4825770
22/02/2018,66.8,65.6,67.4,65.4,2352100
21/02/2018,66.2,65,67.9,64.5,2132410
13/02/2018,64,64.3,64.9,63.6,1527780
12/02/2018,63.5,62,63.5,60.7,1847850
09/02/2018,60.9,58.5,62.3,58.5,2408810
08/02/2018,62.9,62.6,63.5,61.5,855160
07/02/2018,63.5,65,65.2,62.8,1635780
06/02/2018,62,58.4,63,58.4,6724710
05/02/2018,62.7,66,67,62.7,2687810
02/02/2018,67.4,67.5,67.5,66.6,1652660
01/02/2018,66.6,66.4,67.8,65.8,2166810
31/01/2018,66.6,67,68.9,66.2,1936300
30/01/2018,67,66.5,67.8,66.2,2818520
29/01/2018,68,70,71.5,67.8,2281360
26/01/2018,69.1,69.4,70,66.5,2617800
25/01/2018,67.7,65.5,67.7,63.8,4788340
24/01/2018,63.3,62,63.4,61.7,2300660
23/01/2018,63.3,62,63.4,61.7,2300660
22/01/2018,63.3,62,63.4,61.7,2300660
19/01/2018,61,58.6,61.4,58.3,2998270
18/01/2018,58.5,56,58.5,55.9,2845720
17/01/2018,56.2,59.8,59.9,56.2,2077670
16/01/2018,60,59.3,60.3,58.8,2218380
15/01/2018,60,58,60,57,2061850
12/01/2018,58,58.8,59.4,58,2525840
11/01/2018,58.8,57.5,58.8,57.2,1766240
10/01/2018,58,58.3,59.2,57.3,2842830
09/01/2018,58.5,56,58.5,54.5,2853160
08/01/2018,55.4,54,55.5,53,2071140
05/01/2018,54,55.1,55.1,53.9,2045200
04/01/2018,55.4,54.6,55.4,54.3,1990040
03/01/2018,54.9,55.5,55.7,54.5,1843870
02/01/2018,55,54,55.4,53.6,2801720
29/12/2017,54.3,54,55,53.9,2753570
28/12/2017,54.1,52.5,54.9,52.5,2321870
27/12/2017,52.5,51.4,52.8,51.1,2214360
26/12/2017,51.4,51.5,51.7,50.5,1701570
25/12/2017,51.4,51,51.7,50.8,1491740
22/12/2017,50.8,48.2,50.8,48.05,4459390
21/12/2017,48.5,49,49.2,48.5,1547200
20/12/2017,49,47.75,49.35,47.4,2587600
19/12/2017,47.75,47.9,48.45,47.35,1958480
18/12/2017,47.8,47,48.2,46.6,2349430
15/12/2017,46,45.3,46.5,45.2,2574240
14/12/2017,45.3,44,45.5,43.9,2166840
13/12/2017,44,45,45.1,43.7,1177420
12/12/2017,44.7,45.3,45.4,41.6,2440280
11/12/2017,44.6,46,46.9,44.6,1447900
08/12/2017,47.05,47.6,47.6,46.5,1517040
07/12/2017,47.6,48,48,46.7,2737090
06/12/2017,48,48,48.3,47.1,2102030
05/12/2017,48.1,49,50,48.1,1975550
04/12/2017,49.4,48.5,49.4,48.3,1939700
01/12/2017,48.3,48.6,48.9,48,2085760
30/11/2017,48.5,48.8,50,48.5,1997210
29/11/2017,49,48,49,48,1440140
28/11/2017,48.2,48.1,48.4,47.5,1712500
27/11/2017,47.9,47.5,48.2,46.8,2242960
24/11/2017,47.4,47.5,47.7,47,1363450
23/11/2017,47.9,48.7,48.9,46.85,2666680
22/11/2017,48,46.7,48.1,46.7,3116060
21/11/2017,46.7,45.3,47.7,45.2,3799100
20/11/2017,45,44.4,45,44.35,1783000
17/11/2017,44.4,44.8,45.15,44.35,2063770
16/11/2017,44.7,43.75,44.85,43.6,2077060
15/11/2017,43.6,43.8,44.2,43.6,1304050
14/11/2017,43.8,43.5,44.4,43.35,3008230
13/11/2017,43.4,43.5,43.7,43,2104320
10/11/2017,43.1,43,43.65,42.8,2187370
09/11/2017,43.1,43.8,44,43.1,1899000
08/11/2017,43.6,42.45,44,42.2,2695690
07/11/2017,42.45,42.5,42.85,42,1712940
06/11/2017,42.5,42,42.9,41.8,2460760
03/11/2017,41.9,41.4,41.9,40.8,1399850
02/11/2017,41.1,41.6,42.9,41.1,2341010
01/11/2017,41.6,41.6,41.85,41.35,2149100
31/10/2017,41.4,41.9,42.1,41.4,1322440
30/10/2017,41.9,42.3,42.95,41.5,3808170
27/10/2017,42,40.6,42,40.45,2347090
26/10/2017,40.6,40.75,41.25,40.2,1922030
25/10/2017,40.75,40,40.8,40,1385130
24/10/2017,40,39.85,40.3,39.5,1212060
23/10/2017,39.9,40.85,41.35,39.8,3568930
20/10/2017,40.8,40.55,41.3,40.45,2072400
19/10/2017,40.5,40.7,40.9,40.3,1482080
18/10/2017,40.7,40.9,41.4,40.55,3053330
17/10/2017,41,39.05,41,39,3062770
16/10/2017,39.05,39.45,39.5,38.95,1542490
13/10/2017,39.35,39,39.4,39,1784200
12/10/2017,39.05,39.35,39.45,39.05,1767480
11/10/2017,39.35,39.8,39.9,39.05,2835470
10/10/2017,39.65,39.4,39.9,39.2,2583380
09/10/2017,39.4,39.35,39.65,39.15,2500440
06/10/2017,39.05,38.7,39.15,38.65,2322970
05/10/2017,38.7,39.2,40,38.7,5672370
04/10/2017,38.8,37.5,39,37.5,4836990
03/10/2017,37.6,37.8,37.9,37.5,1417210
02/10/2017,37.65,37.8,38.1,37.45,1205110
29/09/2017,37.6,37.25,37.75,37.2,2122200
28/09/2017,37.25,37.2,37.45,37.1,1573710
27/09/2017,37.7,37.9,38,37.55,1377060
26/09/2017,37.65,37.5,37.7,37.3,871840
25/09/2017,37.5,37.65,37.75,37.45,1065690
22/09/2017,37.65,37.85,37.9,37.6,1052820
21/09/2017,37.85,37.8,38.15,37.75,1215880
20/09/2017,37.8,37.45,38.2,37.45,2168280
19/09/2017,37.4,37.45,37.8,37.3,2466890
18/09/2017,37.6,38,38.2,37.6,2916990
15/09/2017,38,38.3,38.4,37.9,2799180
14/09/2017,38.3,38.2,38.5,37.9,2432090
13/09/2017,38.05,38.4,38.4,37.9,774520
12/09/2017,38.05,37.7,38.1,37.65,1335940
11/09/2017,37.7,37.8,38.9,37.7,1858420
08/09/2017,37.7,38,38.1,37.65,753240
07/09/2017,37.7,38,38,37.7,558020
06/09/2017,38,38,38.15,37.75,589690
05/09/2017,38.15,37.4,38.3,37.15,1658120
01/09/2017,37.45,37.4,37.5,37.1,655740
31/08/2017,37.1,36.9,37.45,36.85,697650
30/08/2017,37,37,37.3,36.9,697600
29/08/2017,37,37.45,37.5,37,691290
28/08/2017,37.45,37.15,37.45,37.1,664630
25/08/2017,37.15,37.05,37.4,37.05,222240
24/08/2017,37.05,37.15,37.45,36.9,326460
23/08/2017,37,37,37.1,36.7,551970
22/08/2017,36.9,37.5,37.5,36.9,547530
21/08/2017,37.4,37.5,37.6,37.3,257280
18/08/2017,37.5,37.3,37.8,37.15,720950
17/08/2017,37.3,37.5,37.55,37.15,521370
16/08/2017,37.5,37.3,37.55,37.25,388380
15/08/2017,37.3,37.6,37.7,37.3,466800
14/08/2017,37.65,37.45,37.8,37.45,363540
11/08/2017,37.45,37.45,37.55,37.3,580140
10/08/2017,37.7,37.55,37.9,37.45,1133390
09/08/2017,37.8,38.4,38.55,37.5,1227850
08/08/2017,38.4,38.05,38.95,38.05,1643470
07/08/2017,38.05,38.1,38.25,38,748690
04/08/2017,38.05,38.3,38.4,37.9,755620
03/08/2017,38.3,38.3,38.4,38.1,677010
02/08/2017,38.1,38.1,38.4,37.8,943280
01/08/2017,38.4,38,38.7,38,1710380
31/07/2017,37.75,37.5,37.9,37.5,1097910
28/07/2017,37.5,37.35,37.8,37.3,1246630
27/07/2017,37.35,37.4,37.55,37.35,661800
26/07/2017,37.4,37.45,37.6,37.2,1240450
25/07/2017,37.3,37.2,37.35,36.9,483370
24/07/2017,37.3,37,37.3,36.65,914230
21/07/2017,37,37.6,37.7,37,1058900
20/07/2017,37.45,37.5,37.6,37.1,1086130
19/07/2017,37.6,37.8,37.95,37.5,1170570
18/07/2017,37.75,37.6,38,37.55,1396110
17/07/2017,37.7,38.25,38.35,37.7,703340
14/07/2017,38.25,38.2,38.35,38.05,386280
13/07/2017,38.2,38.5,38.5,38,467540
12/07/2017,38,38.5,38.5,37.85,1299690
11/07/2017,38.3,38,38.3,37.6,1103920
10/07/2017,38.1,38.9,39.1,38,1364350
07/07/2017,38.7,39.5,39.65,38.7,1164990
06/07/2017,39.35,38.8,39.5,38.8,2378800
05/07/2017,38.85,39,39,38.45,799160
04/07/2017,38.7,39,39,38.5,819980
03/07/2017,38.9,38.5,39.15,38.4,1812960
30/06/2017,38.5,38.3,38.6,38.1,854400
29/06/2017,38.2,38.3,38.35,37.9,841580
28/06/2017,38.05,38.25,38.3,37.85,1400580
27/06/2017,38.25,38.8,38.85,38.25,1026510
26/06/2017,38.5,38.3,38.6,38.15,1214450
23/06/2017,38.1,38.05,38.2,37.75,1880570
22/06/2017,38.1,38.7,38.75,38.1,1355410
21/06/2017,38.65,39.3,39.35,38,2270290
20/06/2017,39.5,39.8,39.8,39.3,2278990
19/06/2017,39.7,39.85,40,39.4,1526720
16/06/2017,39.5,39.85,39.85,39.25,2708280
15/06/2017,39.5,39.2,39.6,39.05,2996650
14/06/2017,39.2,38.55,39.4,38.55,2818810
13/06/2017,38.55,38.05,38.65,38,986280
12/06/2017,38.35,38.4,38.45,37.95,971550
09/06/2017,38.4,38.1,38.6,37.9,1972850
08/06/2017,37.9,38.2,38.3,37.8,1634700
07/06/2017,38.3,38.7,38.85,38.2,2419330
06/06/2017,38.65,37.3,38.65,37.2,4750190
05/06/2017,37.2,36.4,37.3,36.35,1909000
02/06/2017,36.3,36.3,36.5,36.1,1088530
01/06/2017,36.3,36.4,36.65,36.2,972860
31/05/2017,36.2,36.7,36.7,35.8,1478930
30/05/2017,36.3,36.7,36.7,36.2,1368210
29/05/2017,36.4,37.1,37.4,36.4,1697170
26/05/2017,36.7,37.05,37.25,36.7,1241870
25/05/2017,37.1,37.8,37.85,37.1,1692550
24/05/2017,37.75,37.15,38.05,37.05,1579160
23/05/2017,37.2,37.5,37.7,37.2,1332510
22/05/2017,37.5,37.1,38.2,36.75,3432310
19/05/2017,36.75,36.4,36.75,36.3,1089810
18/05/2017,36.35,36.1,36.55,36.1,1050880
17/05/2017,36.2,36,36.35,36,1250660
16/05/2017,36.05,36.1,36.4,36,1005430
15/05/2017,36.3,36.4,36.5,36.15,1127830
12/05/2017,36.45,36.75,36.8,36.35,898130
11/05/2017,36.8,36.8,37,36.75,1216160
10/05/2017,36.75,36.45,37,36.45,1447800
09/05/2017,36.45,35.75,36.6,35.65,1633890
08/05/2017,35.75,36.1,36.3,35.7,863080
05/05/2017,36.1,36.3,36.3,35.9,783900
04/05/2017,36.3,35.5,36.6,35.4,2186490
03/05/2017,35.5,35.1,36,35.05,899880
28/04/2017,35.1,34.8,35.25,34.75,1522920
27/04/2017,34.85,35.2,35.3,34.7,2240170
26/04/2017,35.05,35.1,35.2,35,709260
25/04/2017,35.1,35.1,35.3,34.95,656130
24/04/2017,35.1,35.5,35.75,35.1,450210
21/04/2017,35.5,35.4,35.9,35.4,517030
20/04/2017,35.4,35.9,35.9,35.4,1002210
19/04/2017,35.9,35.8,36.1,35.7,571690
18/04/2017,35.85,35.5,35.85,35.4,534340
17/04/2017,35.5,36.35,36.45,35.5,1031640
14/04/2017,36.35,36.7,36.75,36,1028920
13/04/2017,36.75,36.65,37.15,36.65,771230
12/04/2017,36.8,37,37,36.65,925540
11/04/2017,36.9,36.7,37,36.7,494890
10/04/2017,36.7,36.9,37.1,36.7,701010
07/04/2017,36.8,36.6,36.9,36.6,746360
05/04/2017,36.85,36.8,37.3,36.8,620740
04/04/2017,36.8,36.5,37.1,36.45,1012810
03/04/2017,36.4,36.9,37.05,36.3,2231080
31/03/2017,36.9,37.2,37.4,36.9,1648790
30/03/2017,37.2,37.3,37.6,37.2,1000760
29/03/2017,37.3,37.25,37.5,37.15,1380040
28/03/2017,37.4,37.8,38.05,37.35,1950220
27/03/2017,37.8,38,38.4,37.75,1677100
24/03/2017,38,38.5,38.55,37.75,1411600
23/03/2017,38.25,37.7,38.5,37.6,1640470
22/03/2017,37.7,38,38.35,37.6,1941850
21/03/2017,38,37.9,38,37.6,975510
20/03/2017,37.55,37.4,37.9,37.4,1083060
17/03/2017,37,37.1,37.55,36.95,3101080
16/03/2017,37.1,37,37.25,36.95,574840
15/03/2017,36.95,37.25,37.25,36.95,561660
14/03/2017,37.05,37.05,37.4,37.05,502570
13/03/2017,37.05,37.1,37.4,37.05,885720
10/03/2017,37.5,37.9,38.2,37.35,596520
09/03/2017,37.8,37.95,38.4,37.8,1001970
08/03/2017,37.7,37.3,38.2,37.3,892080
07/03/2017,37.5,37.5,37.5,37.1,561990
06/03/2017,37.3,38,38,37.3,510190
03/03/2017,37.5,37.2,37.6,36.9,516470
02/03/2017,36.9,37.6,37.7,36.9,1147120
01/03/2017,37.2,37.4,37.6,37.2,753500
28/02/2017,37.4,38.2,38.2,37.4,703780
27/02/2017,38.2,37.2,38.35,37.2,902460
24/02/2017,37.45,37.8,37.85,37.3,785650
23/02/2017,37.6,37.9,38.2,37.55,1453770
22/02/2017,37.9,38.5,38.5,37.8,802090
21/02/2017,38.4,38,38.45,37.95,1076370
20/02/2017,37.95,38.5,38.5,37.9,1322360
17/02/2017,38.3,38.7,38.75,38.3,1220700
16/02/2017,38.6,39.2,39.55,38.5,1359740
15/02/2017,39,38.85,39.3,38.6,1419820
14/02/2017,38.7,38.85,39.1,38.5,1325510
13/02/2017,38.85,39.3,39.3,38.7,1490330
10/02/2017,39.3,39.65,39.65,39.3,1754030
09/02/2017,39.7,39.85,39.9,39.5,1203520
08/02/2017,39.75,39.4,39.8,39.1,1792740
07/02/2017,39.25,38.8,39.25,38.75,1527190
06/02/2017,38.7,38.7,38.9,38.4,1288900
03/02/2017,38.7,39.5,39.5,38.7,1546040
02/02/2017,39.45,39.6,39.6,38.9,1368580
25/01/2017,39.3,38.9,39.3,38.4,1352580
24/01/2017,38.6,38.05,38.6,38,899030
23/01/2017,38.1,38.35,38.35,37.95,717890
20/01/2017,38,38.2,38.5,38,908930
19/01/2017,38,38.4,38.5,38,521040
18/01/2017,38.3,38.75,39.15,38.3,1143460
17/01/2017,38.95,37.5,39.15,37.5,2340000
16/01/2017,37.35,37.5,37.8,37.05,641920
13/01/2017,37.45,37.6,38.3,37.45,1164660
12/01/2017,37.9,38.4,38.5,37.8,1863070
11/01/2017,38.45,38.4,38.75,38.25,1498220
10/01/2017,38.4,38.4,38.65,38.35,1234210
09/01/2017,38.7,38.2,38.95,38.1,2379510
06/01/2017,37.9,37.2,38.4,37.1,2495910
05/01/2017,37.15,36.9,37.3,36.85,855250
04/01/2017,37,37.5,37.6,36.8,1339740
03/01/2017,37.25,35.6,37.5,35.6,2018750
30/12/2016,35.45,35.45,35.7,35.4,565850
29/12/2016,35.45,35.9,35.9,35.4,482410
28/12/2016,35.6,36.1,36.1,35.6,647070
27/12/2016,36,36.2,36.4,36,821630
26/12/2016,36.1,35.65,36.2,35.6,1005930
23/12/2016,35.6,34.95,35.6,34.85,985440
22/12/2016,34.9,35.1,35.1,34.85,422940
21/12/2016,34.95,34.9,35.2,34.7,314930
20/12/2016,34.95,35.3,35.3,34.85,449350
19/12/2016,35.15,35.1,35.3,35,847210
16/12/2016,35.1,35,35.1,34.7,1269760
15/12/2016,35,34.8,35.3,34.5,540870
14/12/2016,34.8,34.25,34.85,34.25,500040
13/12/2016,34.4,34.9,34.9,34.25,775830
12/12/2016,34.9,34.6,35,34.6,557230
09/12/2016,35.05,34.8,35.15,34.8,566840
08/12/2016,35,34.4,35.45,34.2,677500
07/12/2016,34.4,34.15,34.4,34.15,779510
06/12/2016,34.15,34.95,34.95,34,1338320
05/12/2016,34.9,35.1,35.15,34.9,548780
02/12/2016,35.3,35.2,35.35,35.1,751530
01/12/2016,35.25,35.5,35.5,35.2,866550
30/11/2016,35.2,34.6,35.2,34.4,2063550
29/11/2016,35,35.3,35.5,34.8,1322100
28/11/2016,35.5,35.7,35.7,35.35,1062520
25/11/2016,35.8,36,36.1,35.7,689900
24/11/2016,36,36.1,36.35,35.9,632950
23/11/2016,36.3,36.1,36.45,36,938330
22/11/2016,36,35.7,36,35.65,623270
21/11/2016,35.7,35.55,35.8,35.5,592840
18/11/2016,35.55,35.5,35.65,35.45,628230
17/11/2016,35.65,35.8,35.8,35.35,737730
16/11/2016,35.8,35.8,35.9,35.6,455210
15/11/2016,35.8,35.75,36.25,35.75,278870
14/11/2016,35.8,36.25,36.25,35.75,745100
11/11/2016,36.25,36.5,36.8,36.05,898610
10/11/2016,36.4,36.4,36.6,36.35,792150
09/11/2016,36,36.3,36.3,35,1690880
08/11/2016,36.4,36.4,36.45,36,1088300
07/11/2016,36.25,35.1,36.3,35.05,1085380
04/11/2016,35,35.2,35.2,34.9,613830
03/11/2016,35,35.15,35.25,34.75,984650
02/11/2016,35.4,35.8,35.95,35.4,508170
01/11/2016,35.9,35.8,36.2,35.7,519580
31/10/2016,36,36.3,36.45,36,672940
28/10/2016,36.3,36.3,36.4,35.9,435980
27/10/2016,36.3,35.3,36.3,35.3,844890
26/10/2016,35.3,35.75,35.8,35.3,694100
25/10/2016,35.75,36.1,36.1,35.4,1336590
24/10/2016,36.1,36.8,37,36.1,682740
21/10/2016,36.7,36.7,37,36.6,775760
20/10/2016,36.7,36.8,37,36.7,590370
19/10/2016,36.7,36.8,37.2,36.6,960210
18/10/2016,36.45,36.4,36.9,36.1,943960
17/10/2016,36.4,37.2,37.2,36.4,1573680
14/10/2016,37.2,37.3,37.7,37.2,840790
13/10/2016,37.3,37.7,37.7,37.1,587930
12/10/2016,37.6,37.8,37.95,37.45,532610
11/10/2016,37.8,37.7,37.8,36.6,2070950
10/10/2016,37.5,37.95,38.2,37,1014570
07/10/2016,37.95,38.45,38.65,37.8,1316880
06/10/2016,38.35,38.2,38.65,38.2,1173090
05/10/2016,38.2,38.5,38.6,38.15,931670
04/10/2016,37.9,37.9,38.6,37.8,1653180
03/10/2016,37.9,38.3,38.6,37.7,1293590
30/09/2016,38.3,38.3,38.8,38,1402860
29/09/2016,38.3,39,39.15,38,1749200
28/09/2016,39,38.8,39.2,38.55,1753620
27/09/2016,38.6,37.6,38.65,37.4,2049090
26/09/2016,37.6,37.35,37.95,37.05,1147450
23/09/2016,37.35,37.5,37.65,37.2,836780
22/09/2016,37.5,37.8,38.3,37.45,1593200
21/09/2016,37.45,37,37.6,37,1739860
20/09/2016,37.45,36.7,37.6,36.3,1203310
19/09/2016,36.65,35.7,36.85,35.7,1527320
16/09/2016,35,36,36.1,35,7265480
15/09/2016,36,36.8,37.1,36,717270
14/09/2016,36.5,35.55,37.4,35.55,1555400
13/09/2016,36,37.5,37.5,36,2161880
12/09/2016,37.45,38.6,38.6,37,1033010
09/09/2016,38.7,38,39.1,37.8,3353710
08/09/2016,50.5,51,51,50,1899730
07/09/2016,50.5,51,52,50,1582570
06/09/2016,50.5,51,51.5,50,1844160
05/09/2016,50.5,52.5,52.5,49.8,4191860
01/09/2016,52.5,54.5,55,51.5,3427730
31/08/2016,54,55.5,56.5,53.5,2593570
30/08/2016,55.5,56.5,57,55,1550890
29/08/2016,57.5,59.5,60.5,57.5,1324350
26/08/2016,57.5,56,57.5,55.5,1821780
25/08/2016,54,54,54.5,53.5,453540
24/08/2016,54,53.5,54.5,53.5,275230
23/08/2016,53,53,54,52.5,559330
22/08/2016,53.5,55,55,53.5,466900
19/08/2016,53.5,53,54.5,53,250570
18/08/2016,53,54,55,53,577820
17/08/2016,53,54,54,52,635370
16/08/2016,54,54,55,53.5,513280
15/08/2016,54.5,53.5,55,53.5,165580
12/08/2016,54.5,55.5,56,53.5,331030
11/08/2016,56,53.5,56,53.5,737430
10/08/2016,53.5,52.5,54,52.5,310040
09/08/2016,53,52,53,51.5,181050
08/08/2016,52,51.5,52,50.5,348760
05/08/2016,51,52.5,52.5,50.5,327970
04/08/2016,52,51,54,50.5,537660
03/08/2016,50.5,51,51.5,49.5,324230
02/08/2016,51.5,53,53,51,634560
01/08/2016,53,54,54,53,365040
29/07/2016,54,54.5,55,53.5,225610
28/07/2016,55,54.5,55,53.5,91390
27/07/2016,54.5,52.5,54.5,52.5,402240
26/07/2016,53,53,54,52,268770
25/07/2016,53,52,53.5,51.5,318900
22/07/2016,52,55,55.5,52,886600
21/07/2016,55.5,55,55.5,53,657360
20/07/2016,55,56.5,56.5,54,422540
19/07/2016,56,56,57,55,559050
18/07/2016,55.5,53.5,56,53,736570
15/07/2016,54,56,57,54,850920
14/07/2016,56,58,58.5,56,921830
13/07/2016,57.5,54,57.5,54,1442560
12/07/2016,54,52,54,52,725030
11/07/2016,52,51.5,53.5,51,1538540
08/07/2016,51,51,52.5,50,834180
07/07/2016,51,50.5,51,49.8,714940
06/07/2016,50,50,51.5,49.9,592020
05/07/2016,50.5,49.4,52,49.4,1658790
04/07/2016,49.2,47.5,49.4,47.5,1206430
01/07/2016,47.5,47.3,47.8,47,523850
30/06/2016,47.3,47.1,47.5,47,478490
29/06/2016,47.3,46.6,47.4,46.6,544530
28/06/2016,46.4,45.8,46.8,45.8,403030
27/06/2016,46.2,46.4,46.4,45.4,341850
24/06/2016,46.8,47.9,48,44.7,827980
23/06/2016,48,46.9,48,46.8,688340
22/06/2016,46.8,47,47.1,46.5,483280
21/06/2016,47,46.9,47.1,46.8,527750
20/06/2016,46.9,47.1,47.3,46.3,622260
17/06/2016,47.1,47.3,47.7,47.1,946910
16/06/2016,47.7,47.9,48.1,47.6,627180
15/06/2016,47.8,48.2,48.2,47.7,603140
14/06/2016,48.3,48.1,48.6,47.8,789760
13/06/2016,48.4,48.5,48.9,48.3,1201150
10/06/2016,48.5,48.1,49.1,48.1,885040
09/06/2016,48.1,47.9,48.3,47.7,401410
08/06/2016,47.9,48.1,48.6,47.8,912800
07/06/2016,48.1,48,48.3,47.7,435960
06/06/2016,47.8,47.1,48.5,47.1,783790
03/06/2016,47.3,47,47.5,47,440430
02/06/2016,47.1,46.8,47.3,46.6,290780
01/06/2016,46.9,46.5,47,46.5,370980
31/05/2016,46.7,46.9,47.5,46.6,490340
30/05/2016,46.8,45.7,46.8,45.4,535160
27/05/2016,45.3,45.4,45.6,44.8,591480
26/05/2016,45.3,46,46.3,45.3,722940
25/05/2016,46,46.5,46.7,46,272480
24/05/2016,45.9,46.4,46.5,45.5,757630
23/05/2016,46.1,47.3,47.8,46.1,701070
20/05/2016,47.4,48.6,48.8,47.2,1038420
19/05/2016,48.1,49,49,48.1,402860
18/05/2016,49,48.3,49.8,48.2,1259090
17/05/2016,48.3,48.2,48.8,47.9,663200
16/05/2016,48.3,47.4,48.3,47.2,377280
13/05/2016,47.6,48,48.3,47,679240
12/05/2016,48,49,49.3,48,488750
11/05/2016,49,48.6,49.2,48.3,713460
10/05/2016,48.6,48,48.6,47.6,544750
09/05/2016,48,48.6,49.3,48,831230
06/05/2016,48.6,47.4,48.8,47.2,1525690
05/05/2016,47.1,46.5,47.8,46.3,1076200
04/05/2016,46.1,45.8,46.7,45.2,747740
29/04/2016,46,45.6,46.8,45.6,726380
28/04/2016,46.2,46,46.8,45.7,693290
27/04/2016,46,47.2,47.5,45.9,1194570
26/04/2016,47.2,45.5,47.2,45.5,835300
25/04/2016,45.9,45.9,46.8,45.9,1300050
22/04/2016,45.7,42.9,45.8,42.9,2478140
21/04/2016,42.9,42.8,43.2,42.6,818280
20/04/2016,42.8,42.5,42.8,42.1,769750
19/04/2016,42.4,42.6,43.3,42.2,983900
15/04/2016,42.5,42.5,43.5,42.3,1187790
14/04/2016,42.3,41.9,42.5,41.8,774160
13/04/2016,41.9,42.3,42.4,41.8,633990
12/04/2016,42.1,41.6,42.6,41,970780
11/04/2016,41.6,41.4,42,40.9,985640
08/04/2016,41.4,41.5,41.7,41.3,653640
07/04/2016,41.7,42.2,42.2,41.1,594270
06/04/2016,42,41,42,40.9,920280
05/04/2016,41,40.9,41.4,40.7,610190
04/04/2016,40.9,41.2,41.3,40.5,439520
01/04/2016,40.9,41,41.4,40.8,554870
31/03/2016,41,42,42.2,41,937910
30/03/2016,42.1,41.6,42.3,41.6,444490
29/03/2016,42,42.9,42.9,42,325890
28/03/2016,42.8,42.9,43,42.6,533900
25/03/2016,42.8,42,42.8,41.6,1381530
24/03/2016,42.1,42.9,43,42,825250
23/03/2016,42.9,43.3,43.3,42.8,645700
22/03/2016,43.3,43,43.3,42.8,592130
21/03/2016,42.9,43.3,43.9,42.8,1862820
18/03/2016,42.5,42.6,42.8,42.2,3546350
17/03/2016,42.7,43.5,43.7,42.7,1074970
16/03/2016,43.2,42.1,43.5,42.1,1864950
15/03/2016,42,41.5,42.1,41.5,1294120
14/03/2016,41.7,41.7,41.7,41.3,807110
11/03/2016,41.6,41.8,41.9,41.5,510750
10/03/2016,41.6,41.5,41.7,41,643780
09/03/2016,41.4,41.7,41.9,41.3,469530
08/03/2016,41.6,41.8,42,41.4,775770
07/03/2016,41.8,42,42.2,41.7,567700
04/03/2016,41.8,41.6,42.5,41.5,681190
03/03/2016,41.6,41.9,42.1,41.5,464550
02/03/2016,41.7,41.1,41.9,41,647420
01/03/2016,40.7,41,41.5,40.7,849900
29/02/2016,41,41.8,42,41,887030
26/02/2016,42,42,42,41.3,493160
25/02/2016,41.8,42.5,43,41.6,1236220
24/02/2016,42.3,41,43,40.7,1653800
23/02/2016,41,40.7,41.6,40.7,1130660
22/02/2016,40.4,40.1,40.5,40,653090
19/02/2016,40.1,40.6,40.6,40.1,473670
18/02/2016,40.3,40,40.9,39.9,735780
17/02/2016,39.8,40.3,40.6,39.8,827530
16/02/2016,40.3,40.1,40.8,40.1,390050
15/02/2016,40.3,39.8,40.6,39.4,800790
05/02/2016,40.1,39.6,40.4,39.6,268300
04/02/2016,40,40,40.6,40,286750
03/02/2016,39.6,40,40,39.3,802180
02/02/2016,40.4,40.4,40.8,40.3,603810
01/02/2016,40.7,41.4,41.5,40.7,223320
29/01/2016,41.4,40.5,41.4,40.3,1019250
28/01/2016,40.5,40.3,40.8,40.3,562170
27/01/2016,40.5,41.3,41.3,40.5,582060
26/01/2016,40.6,40.5,41.3,40.3,656340
25/01/2016,41.7,40,41.9,40,1367810
22/01/2016,39.6,40,40.1,38.6,777540
21/01/2016,39.4,39.5,40,39.1,654450
20/01/2016,40,40,41,39.5,733790
19/01/2016,40.3,38.6,40.4,38.6,771340
18/01/2016,38.6,39.5,40,38,1614080
15/01/2016,40.6,41.8,42,40.6,880150
14/01/2016,41.8,41.8,42.2,41.5,641380
13/01/2016,42.3,42.8,42.9,42.3,448800
12/01/2016,42.7,42,42.7,42,481040
11/01/2016,41.9,42.2,42.4,41.8,742390
08/01/2016,42.2,42.3,42.6,41.7,676340
07/01/2016,42.5,42.8,42.9,42,935460
06/01/2016,43,42.5,43.2,42.5,699490
05/01/2016,42.5,42.9,43.4,42.4,1133260
04/01/2016,43.2,43.8,44,42.6,761750
